Workbook

Sheet upload
A3: Loss Amount | B3: Year | C3: Projected Exposure | D3: Projected Claim Count
A4: 10.7584 | B4: 2026 | C4: 1040850000 | D4: ='[1]AL Selections'!$C$58+'[1]GL Selections (Adjusted)'!$C$58 -> 567.3
A5: 16400
A6: 972.5036
A7: 8686.3912
A8: 42923.13
A9: 8914.6628
A10: 3384.9436
A11: 1265.1288
A12: 1776.5628
A13: 15.006
A14: 442.144
A15: 4829.2588
A16: 11346.586
... A1803: 2.04

Sheet Sheet1
A1: Business Unit | B1: Evaluation Date | C1: Report Date | D1: Accident Date | E1: Claim Number | F1: Claimant Name | G1: Claim Status | H1: Paid Loss | I1: Incurred Loss | J1: LOB | K1: PY | L1: Trend | M1: Trended Losses to Use - Closed Only
A2: AL | B2: 46096 | D2: 44151 | G2: O | H2: 10922.22 | I2: 20922.22 | J2: AL | K2: 44105 | L2: =IF(J2="AL",INDEX(Sheet3!$O$23:$O$33,MATCH(Sheet1!K2,Sheet3!$B$23:$B$33,0)),INDEX(Sheet3!$O$7:$O$17,MATCH(Sheet1!K2,Sheet3!$B$7:$B$17,0))) -> 1.64 | M2: =IF(G2<>"C","",I2*L2)
A3: AL | B3: 46096 | D3: 44278 | G3: C | H3: 6.56 | I3: 6.56 | J3: AL | K3: 44105 | L3: =IF(J3="AL",INDEX(Sheet3!$O$23:$O$33,MATCH(Sheet1!K3,Sheet3!$B$23:$B$33,0)),INDEX(Sheet3!$O$7:$O$17,MATCH(Sheet1!K3,Sheet3!$B$7:$B$17,0))) -> 1.64 | M3: =IF(G3<>"C","",I3*L3) -> 10.7584
A4: AL | B4: 46096 | D4: 44469 | G4: C | H4: 10000 | I4: 10000 | J4: AL | K4: 44105 | L4: =IF(J4="AL",INDEX(Sheet3!$O$23:$O$33,MATCH(Sheet1!K4,Sheet3!$B$23:$B$33,0)),INDEX(Sheet3!$O$7:$O$17,MATCH(Sheet1!K4,Sheet3!$B$7:$B$17,0))) -> 1.64 | M4: =IF(G4<>"C","",I4*L4) -> 16400
A5: AL | B5: 46096 | D5: 44406 | G5: C | H5: 592.99 | I5: 592.99 | J5: AL | K5: 44105 | L5: =IF(J5="AL",INDEX(Sheet3!$O$23:$O$33,MATCH(Sheet1!K5,Sheet3!$B$23:$B$33,0)),INDEX(Sheet3!$O$7:$O$17,MATCH(Sheet1!K5,Sheet3!$B$7:$B$17,0))) -> 1.64 | M5: =IF(G5<>"C","",I5*L5) -> 972.5036
A6: AL | B6: 46096 | D6: 44461 | G6: C | H6: 5296.58 | I6: 5296.58 | J6: AL | K6: 44105 | L6: =IF(J6="AL",INDEX(Sheet3!$O$23:$O$33,MATCH(Sheet1!K6,Sheet3!$B$23:$B$33,0)),INDEX(Sheet3!$O$7:$O$17,MATCH(Sheet1!K6,Sheet3!$B$7:$B$17,0))) -> 1.64 | M6: =IF(G6<>"C","",I6*L6) -> 8686.3912
A7: AL | B7: 46096 | D7: 44126 | G7: C | H7: 26172.64 | I7: 26172.64 | J7: AL | K7: 44105 | L7: =IF(J7="AL",INDEX(Sheet3!$O$23:$O$33,MATCH(Sheet1!K7,Sheet3!$B$23:$B$33,0)),INDEX(Sheet3!$O$7:$O$17,MATCH(Sheet1!K7,Sheet3!$B$7:$B$17,0))) -> 1.64 | M7: =IF(G7<>"C","",I7*L7) -> 42923.13
A8: AL | B8: 46096 | D8: 44335 | G8: C | H8: 5435.77 | I8: 5435.77 | J8: AL | K8: 44105 | L8: =IF(J8="AL",INDEX(Sheet3!$O$23:$O$33,MATCH(Sheet1!K8,Sheet3!$B$23:$B$33,0)),INDEX(Sheet3!$O$7:$O$17,MATCH(Sheet1!K8,Sheet3!$B$7:$B$17,0))) -> 1.64 | M8: =IF(G8<>"C","",I8*L8) -> 8914.6628
A9: AL | B9: 46096 | D9: 44107 | G9: C | H9: 2063.99 | I9: 2063.99 | J9: AL | K9: 44105 | L9: =IF(J9="AL",INDEX(Sheet3!$O$23:$O$33,MATCH(Sheet1!K9,Sheet3!$B$23:$B$33,0)),INDEX(Sheet3!$O$7:$O$17,MATCH(Sheet1!K9,Sheet3!$B$7:$B$17,0))) -> 1.64 | M9: =IF(G9<>"C","",I9*L9) -> 3384.9436
A10: AL | B10: 46096 | D10: 44126 | G10: C | H10: 771.42 | I10: 771.42 | J10: AL | K10: 44105 | L10: =IF(J10="AL",INDEX(Sheet3!$O$23:$O$33,MATCH(Sheet1!K10,Sheet3!$B$23:$B$33,0)),INDEX(Sheet3!$O$7:$O$17,MATCH(Sheet1!K10,Sheet3!$B$7:$B$17,0))) -> 1.64 | M10: =IF(G10<>"C","",I10*L10) -> 1265.1288
A11: AL | B11: 46096 | D11: 44112 | G11: C | H11: 1083.27 | I11: 1083.27 | J11: AL | K11: 44105 | L11: =IF(J11="AL",INDEX(Sheet3!$O$23:$O$33,MATCH(Sheet1!K11,Sheet3!$B$23:$B$33,0)),INDEX(Sheet3!$O$7:$O$17,MATCH(Sheet1!K11,Sheet3!$B$7:$B$17,0))) -> 1.64 | M11: =IF(G11<>"C","",I11*L11) -> 1776.5628
A12: AL | B12: 46096 | D12: 44266 | G12: C | H12: 9.15 | I12: 9.15 | J12: AL | K12: 44105 | L12: =IF(J12="AL",INDEX(Sheet3!$O$23:$O$33,MATCH(Sheet1!K12,Sheet3!$B$23:$B$33,0)),INDEX(Sheet3!$O$7:$O$17,MATCH(Sheet1!K12,Sheet3!$B$7:$B$17,0))) -> 1.64 | M12: =IF(G12<>"C","",I12*L12) -> 15.006
A13: AL | B13: 46096 | D13: 44308 | G13: C | H13: 269.6 | I13: 269.6 | J13: AL | K13: 44105 | L13: =IF(J13="AL",INDEX(Sheet3!$O$23:$O$33,MATCH(Sheet1!K13,Sheet3!$B$23:$B$33,0)),INDEX(Sheet3!$O$7:$O$17,MATCH(Sheet1!K13,Sheet3!$B$7:$B$17,0))) -> 1.64 | M13: =IF(G13<>"C","",I13*L13) -> 442.144
... A1804: GL | B1804: 46096 | D1804: 45972 | G1804: O | H1804: 0 | I1804: 1 | J1804: GL | K1804: 45931 | L1804: =IF(J1804="AL",INDEX(Sheet3!$O$23:$O$33,MATCH(Sheet1!K1804,Sheet3!$B$23:$B$33,0)),INDEX(Sheet3!$O$7:$O$17,MATCH(Sheet1!K1804,Sheet3!$B$7:$B$17,0))) -> 1.02 | M1804: =IF(G1804<>"C","",I1804*L1804)

Sheet Sheet3
A3: AL trend
A4: GL trend
B6: GL
B7: Policy Year | C7: Closed Without Pay | D7: Closed With Pay | E7: Open | F7: Reported | G7: Paid | H7: Outstanding | I7: Incurred | J7: Paid LDF | K7: Incurred LDF | L7: Ultimate | M7: Exposure | N7: Loss Rate | O7: Loss Rate Trend
B12: 44105 | C12: 0 | D12: 201 | E12: 6 | F12: 207 | G12: 2785918 | H12: 295641 | I12: 3081560 | J12: 1.12 | K12: 1.05 | L12: 3175013.7 | M12: 608737258 | N12: 5.34 | O12: 1.12
B13: 44470 | C13: 0 | D13: 249 | E13: 0 | F13: 249 | G13: 2420200 | H13: 0 | I13: 2420200 | J13: 1.26 | K13: 1.1 | L13: 2825008.1 | M13: 523079223 | N13: 5.55 | O13: 1.1
B14: 44835 | C14: 0 | D14: 150 | E14: 14 | F14: 164 | G14: 2254511 | H14: 1158337 | I14: 3412848 | J14: 1.56 | K14: 1.19 | L14: 3711428.5 | M14: 582195404 | N14: 6.67 | O14: 1.08
B15: 45200 | C15: 0 | D15: 343 | E15: 20 | F15: 363 | G15: 1748780 | H15: 1133441 | I15: 2882221 | J15: 2.18 | K15: 1.47 | L15: 3933140.1 | M15: 678232000 | N15: 6.3 | O15: 1.06
B16: 45566 | C16: 0 | D16: 194 | E16: 24 | F16: 218 | G16: 610308 | H16: 390937 | I16: 1001245 | J16: 4.15 | K16: 2.39 | L16: 3462326.7 | M16: 719620000 | N16: 4.48 | O16: 1.04
B17: 45931 | C17: 0 | D17: 33 | E17: 15 | F17: 48 | G17: 73417 | H17: 131008 | I17: 204425 | J17: 20.5 | K17: 8.1 | L17: 4812512.1 | M17: 910732000 | N17: 6.96 | O17: 1.02
B21: AL
D22: Claim Count | H22: Retention Losses | K22: Loss Development | N22: Trending Adjustment
B23: Policy Year | C23: Closed Without Pay | D23: Closed With Pay | E23: Open | F23: Reported | G23: Paid | H23: Outstanding | I23: Incurred | J23: Paid LDF | K23: Incurred LDF | L23: Ultimate | M23: Exposure | N23: Loss Rate | O23: Loss Rate Trend
B28: 44105 | C28: 0 | D28: 109 | E28: 1 | F28: 110 | G28: 1616518 | H28: 10000 | I28: 1626518 | J28: 1.02 | K28: 1.02 | L28: 1682579 | M28: 4180 | N28: 402.53 | O28: 1.64
B29: 44470 | C29: 0 | D29: 84 | E29: 0 | F29: 84 | G29: 1456181 | H29: 147283 | I29: 1603464 | J29: 1.08 | K29: 1.05 | L29: 1741809 | M29: 4159 | N29: 418.8 | O29: 1.51
B30: 44835 | C30: 0 | D30: 96 | E30: 2 | F30: 98 | G30: 2183119 | H30: 571135 | I30: 2754253 | J30: 1.21 | K30: 1.1 | L30: 2912778 | M30: 3012 | N30: 967.06 | O30: 1.39
B31: 45200 | C31: 0 | D31: 130 | E31: 1 | F31: 131 | G31: 1949302 | H31: 1337861 | I31: 3287163 | J31: 1.6 | K31: 1.3 | L31: 3905823 | M31: 3716 | N31: 1051.08 | O31: 1.28
B32: 45566 | C32: 0 | D32: 99 | E32: 3 | F32: 102 | G32: 843996 | H32: 972710 | I32: 1816707 | J32: 3.21 | K32: 2.05 | L32: 3776687 | M32: 3778 | N32: 999.65 | O32: 1.18
B33: 45931 | C33: 0 | D33: 23 | E33: 6 | F33: 29 | G33: 115836 | H33: 50651 | I33: 166487 | J33: 21.52 | K33: 7.05 | L33: 4146997 | M33: 3613 | N33: 1147.8 | O33: 1.09
